{
    "01:00:embedded message": {
        "01:00:Varint": 83, 
        "02:01:Varint": 45877, 
        "03:02:string": "item_1", 
        "04:03:Varint": 47990, 
        "05:04:Varint": 17494, 
        "06:05:Varint": 47789, 
        "06:06:Varint": 47790, 
        "07:07:Varint": 2592000, 
        "08:08:string": "11,7;", 
        "09:09:Varint": 64042
    }, 
    "01:01:embedded message": {
        "01:00:Varint": 83, 
        "02:01:Varint": 69746, 
        "03:02:string": "item_3", 
        "04:03:Varint": 69751, 
        "05:04:Varint": 18598, 
        "06:05:Varint": 69747, 
        "07:06:Varint": 0, 
        "08:07:string": "11,7;", 
        "09:08:Varint": 69752
    }, 
    "01:02:embedded message": {
        "01:00:Varint": 83, 
        "02:01:Varint": 80442, 
        "03:02:string": "yiyuehuayu", 
        "04:03:Varint": 80443, 
        "05:04:Varint": 22423, 
        "06:05:Varint": 80417, 
        "07:06:Varint": 0, 
        "08:07:string": "11,0;2,80330;2,80334;2,80397;2,80401;2,80405;2,80409;2,80413;2,80417;2,80470;", 
        "09:08:Varint": 82235
    }, 
    "01:03:embedded message": {
        "01:00:Varint": 83, 
        "02:01:Varint": 81304, 
        "03:02:string": "test_key", 
        "04:03:Varint": 82234, 
        "05:04:Varint": 24473, 
        "06:05:Varint": 81309, 
        "07:06:Varint": 0, 
        "08:07:string": "11,1;", 
        "09:08:Varint": 82236
    }, 
    "01:04:embedded message": {
        "01:00:Varint": 83, 
        "02:01:Varint": 81525, 
        "03:02:embedded message": {
            "14:00:64-bit": 7.11136828709817e-71
        }, 
        "04:03:Varint": 81527, 
        "05:04:Varint": 25260, 
        "06:05:Varint": 81345, 
        "07:06:Varint": 0, 
        "08:07:string": "11,0;2,79898;2,79902;2,79916;2,80153;2,80157;2,80161;2,80165;2,80169;", 
        "09:08:Varint": 81530
    }, 
    "01:05:embedded message": {
        "01:00:Varint": 83, 
        "02:01:Varint": 81526, 
        "03:02:embedded message": {
            "14:00:64-bit": 4.660506320632657e-66
        }, 
        "04:03:Varint": 81528, 
        "05:04:Varint": 25259, 
        "06:05:Varint": 81344, 
        "07:06:Varint": 0, 
        "08:07:string": "11,0;2,79906;2,79910;2,79915;2,80173;2,80177;2,80181;2,80185;2,80189;", 
        "09:08:Varint": 81531
    }, 
    "01:06:embedded message": {
        "01:00:Varint": 83, 
        "02:01:Varint": 128502, 
        "03:02:string": "yiyuehuayu_1", 
        "04:03:Varint": 80443, 
        "05:04:Varint": 22423, 
        "06:05:Varint": 128501, 
        "07:06:Varint": 0, 
        "08:07:string": "11,0;2,128472;2,128476;2,128480;2,128484;2,128488;2,128492;2,128496;2,128500;2,128501;", 
        "09:08:Varint": 82235
    }
}