{
    "01:00:embedded message": {
        "01:00:Varint": 70, 
        "02:01:Varint": 40711, 
        "03:02:string": "test1", 
        "04:03:Varint": 44430, 
        "05:04:Varint": 0, 
        "06:05:Varint": 4, 
        "07:06:32-bit": 0.8500000238418579, 
        "08:07:Varint": 45745, 
        "09:08:Varint": 0, 
        "10:09:embedded message": {
            "06:00:Varint": 44, 
            "06:01:Varint": 59
        }
    }, 
    "01:01:embedded message": {
        "01:00:Varint": 70, 
        "02:01:Varint": 40712, 
        "03:02:string": "test2", 
        "04:03:Varint": 45737, 
        "05:04:Varint": 0, 
        "06:05:Varint": 2, 
        "07:06:32-bit": 0.10000000149011612, 
        "08:07:Varint": 45746, 
        "09:08:Varint": 0, 
        "10:09:embedded message": {
            "06:00:Varint": 44, 
            "06:01:Varint": 59
        }
    }, 
    "01:02:embedded message": {
        "01:00:Varint": 70, 
        "02:01:Varint": 40713, 
        "03:02:string": "test3", 
        "04:03:Varint": 45738, 
        "05:04:Varint": 0, 
        "06:05:Varint": 3, 
        "07:06:32-bit": 0.10000000149011612, 
        "08:07:Varint": 45747, 
        "09:08:Varint": 0, 
        "10:09:embedded message": {
            "06:00:Varint": 44, 
            "06:01:Varint": 59
        }
    }, 
    "01:03:embedded message": {
        "01:00:Varint": 70, 
        "02:01:Varint": 45790, 
        "03:02:string": "CHEMISTRY_GROUP_shenghuoling", 
        "04:03:Varint": 56666, 
        "05:04:Varint": 17018, 
        "06:05:Varint": 2, 
        "07:06:32-bit": 0.10000000149011612, 
        "08:07:Varint": 45744, 
        "09:08:Varint": 0, 
        "10:09:string": "2,11230;2,11241;2,11252;2,11259;2,57985;2,14548;2,14567;2,64060;2,72306;2,77145;"
    }, 
    "01:04:embedded message": {
        "01:00:Varint": 70, 
        "02:01:Varint": 45791, 
        "03:02:string": "CHEMISTRY_GROUP_junzijian", 
        "04:03:Varint": 56642, 
        "05:04:Varint": 17012, 
        "06:05:Varint": 2, 
        "07:06:32-bit": 0.10000000149011612, 
        "08:07:Varint": 45745, 
        "09:08:Varint": 0, 
        "10:09:string": "2,10964;2,11239;2,11250;2,57983;2,14546;2,14565;2,64058;2,77137;"
    }, 
    "01:05:embedded message": {
        "01:00:Varint": 70, 
        "02:01:Varint": 45792, 
        "03:02:string": "CHEMISTRY_GROUP_shunvjian", 
        "04:03:Varint": 55437, 
        "05:04:Varint": 17008, 
        "06:05:Varint": 1, 
        "07:06:32-bit": 0.10000000149011612, 
        "08:07:Varint": 45746, 
        "09:08:Varint": 0, 
        "10:09:string": "2,11231;2,11242;2,11253;2,60589;2,14549;2,14568;2,64062;2,121538;2,121567;"
    }, 
    "01:06:embedded message": {
        "01:00:Varint": 70, 
        "02:01:Varint": 45793, 
        "03:02:string": "CHEMISTRY_GROUP_lvzhubang", 
        "04:03:Varint": 55438, 
        "05:04:Varint": 17025, 
        "06:05:Varint": 3, 
        "07:06:32-bit": 0.10000000149011612, 
        "08:07:Varint": 45747, 
        "09:08:Varint": 0, 
        "10:09:string": "2,11233;2,11244;2,11255;2,11261;2,60591;2,14551;2,14570;2,64064;2,121546;2,121569;"
    }, 
    "01:07:embedded message": {
        "01:00:Varint": 70, 
        "02:01:Varint": 45794, 
        "03:02:string": "CHEMISTRY_GROUP_yitianjian", 
        "04:03:Varint": 55439, 
        "05:04:Varint": 17228, 
        "06:05:Varint": 1, 
        "07:06:32-bit": 0.10000000149011612, 
        "08:07:Varint": 45748, 
        "09:08:Varint": 0, 
        "10:09:string": "2,14552;2,14571;2,72257;2,121550;2,121570;"
    }, 
    "01:08:embedded message": {
        "01:00:Varint": 70, 
        "02:01:Varint": 45795, 
        "03:02:string": "CHEMISTRY_GROUP_yuenvjian", 
        "04:03:Varint": 55440, 
        "05:04:Varint": 17020, 
        "06:05:Varint": 2, 
        "07:06:32-bit": 0.10000000149011612, 
        "08:07:Varint": 45749, 
        "09:08:Varint": 0, 
        "10:09:string": "2,10962;2,11237;2,11248;2,11257;2,57981;2,14544;2,14563;2,64056;2,77129;2,132117;2,132128;"
    }, 
    "01:09:embedded message": {
        "01:00:Varint": 70, 
        "02:01:Varint": 45796, 
        "03:02:string": "CHEMISTRY_GROUP_jiangfangyu", 
        "04:03:Varint": 55441, 
        "05:04:Varint": 17015, 
        "06:05:Varint": 1, 
        "07:06:32-bit": 0.10000000149011612, 
        "08:07:Varint": 45750, 
        "09:08:Varint": 0, 
        "10:09:string": "2,10959;2,11234;2,11245;2,11256;2,57570;2,14541;2,14560;2,64053;2,76662;2,132105;2,132125;"
    }, 
    "01:10:embedded message": {
        "01:00:Varint": 70, 
        "02:01:Varint": 45797, 
        "03:02:string": "CHEMISTRY_GROUP_mizongjinlun", 
        "04:03:Varint": 23260, 
        "05:04:Varint": 0, 
        "06:05:Varint": 0, 
        "07:06:32-bit": 0.10000000149011612, 
        "08:07:Varint": 45751, 
        "09:08:Varint": 0, 
        "10:09:embedded message": {
            "06:00:Varint": 44, 
            "06:01:Varint": 59
        }
    }, 
    "01:11:embedded message": {
        "01:00:Varint": 70, 
        "02:01:Varint": 45798, 
        "03:02:string": "CHEMISTRY_GROUP_miaoshoubaishan", 
        "04:03:Varint": 55442, 
        "05:04:Varint": 17019, 
        "06:05:Varint": 3, 
        "07:06:32-bit": 0.10000000149011612, 
        "08:07:Varint": 45752, 
        "09:08:Varint": 0, 
        "10:09:string": "2,10965;2,11240;2,11251;2,57984;2,14547;2,14566;2,64059;2,72302;2,77141;"
    }, 
    "01:12:embedded message": {
        "01:00:Varint": 70, 
        "02:01:Varint": 45799, 
        "03:02:string": "CHEMISTRY_GROUP_dulongbian", 
        "04:03:Varint": 55443, 
        "05:04:Varint": 17213, 
        "06:05:Varint": 1, 
        "07:06:32-bit": 0.10000000149011612, 
        "08:07:Varint": 45753, 
        "09:08:Varint": 0, 
        "10:09:string": "2,10963;2,11238;2,11249;2,11258;2,57982;2,14545;2,14564;2,64057;2,72294;2,77133;2,132121;2,132129;"
    }, 
    "01:13:embedded message": {
        "01:00:Varint": 70, 
        "02:01:Varint": 45800, 
        "03:02:string": "CHEMISTRY_GROUP_ziweiruanjian", 
        "04:03:Varint": 55433, 
        "05:04:Varint": 17231, 
        "06:05:Varint": 4, 
        "07:06:32-bit": 0.10000000149011612, 
        "08:07:Varint": 45754, 
        "09:08:Varint": 0, 
        "10:09:string": "2,14556;2,14575;2,72261;2,121566;2,121574;"
    }, 
    "01:14:embedded message": {
        "01:00:Varint": 70, 
        "02:01:Varint": 45801, 
        "03:02:string": "CHEMISTRY_GROUP_lingshebian", 
        "04:03:Varint": 55444, 
        "05:04:Varint": 17021, 
        "06:05:Varint": 2, 
        "07:06:32-bit": 0.10000000149011612, 
        "08:07:Varint": 45755, 
        "09:08:Varint": 0, 
        "10:09:string": "2,10960;2,11235;2,11246;2,57979;2,14542;2,14561;2,64054;2,72253;2,76666;2,132109;2,132126;"
    }, 
    "01:15:embedded message": {
        "01:00:Varint": 70, 
        "02:01:Varint": 45802, 
        "03:02:string": "CHEMISTRY_GROUP_bingpoyinzhen", 
        "04:03:Varint": 23260, 
        "05:04:Varint": 0, 
        "06:05:Varint": 0, 
        "07:06:32-bit": 0.10000000149011612, 
        "08:07:Varint": 45756, 
        "09:08:Varint": 0, 
        "10:09:embedded message": {
            "06:00:Varint": 44, 
            "06:01:Varint": 59
        }
    }, 
    "01:16:embedded message": {
        "01:00:Varint": 70, 
        "02:01:Varint": 45990, 
        "03:02:string": "CHEMISTRY_GROUP_qingguanglijiangai", 
        "04:03:Varint": 45165, 
        "05:04:Varint": 17007, 
        "06:05:Varint": 4, 
        "07:06:32-bit": 0.10000000149011612, 
        "08:07:Varint": 45757, 
        "09:08:Varint": 0, 
        "10:09:string": "2,14553;2,14572;2,72258;2,121554;2,121571;"
    }, 
    "01:17:embedded message": {
        "01:00:Varint": 70, 
        "02:01:Varint": 45991, 
        "03:02:string": "CHEMISTRY_GROUP_bingpoyinzhengai", 
        "04:03:Varint": 55435, 
        "05:04:Varint": 17013, 
        "06:05:Varint": 4, 
        "07:06:32-bit": 0.10000000149011612,