{
    "01:00:embedded message": {
        "01:00:Varint": 43, 
        "02:01:Varint": 11180, 
        "03:02:string": "audio1", 
        "04:03:Varint": 422, 
        "05:04:32-bit": 0.550000011920929, 
        "06:05:32-bit": 6.681000232696533, 
        "07:06:32-bit": 3.9210000038146973, 
        "08:07:32-bit": 3.9089999198913574, 
        "09:08:32-bit": 7.0
    }, 
    "01:01:embedded message": {
        "01:00:Varint": 43, 
        "02:01:Varint": 11181, 
        "03:02:string": "audio2", 
        "04:03:Varint": 423, 
        "05:04:32-bit": 3.7119998931884766, 
        "06:05:32-bit": 2.9860000610351562, 
        "07:06:32-bit": 2.9860000610351562, 
        "08:07:32-bit": 4.96999979019165, 
        "09:08:32-bit": 3.135999917984009
    }, 
    "01:02:embedded message": {
        "01:00:Varint": 43, 
        "02:01:Varint": 11182, 
        "03:02:string": "audio3", 
        "04:03:Varint": 424, 
        "05:04:32-bit": 0.7039999961853027, 
        "06:05:32-bit": 3.625999927520752, 
        "07:06:32-bit": 3.690000057220459, 
        "08:07:32-bit": 2.8580000400543213, 
        "09:08:32-bit": 3.4560000896453857
    }, 
    "01:03:embedded message": {
        "01:00:Varint": 43, 
        "02:01:Varint": 11183, 
        "03:02:string": "audio4", 
        "04:03:Varint": 425, 
        "05:04:32-bit": 1.0329999923706055, 
        "06:05:32-bit": 2.0859999656677246, 
        "07:06:32-bit": 2.072999954223633, 
        "08:07:32-bit": 4.6529998779296875, 
        "09:08:32-bit": 3.125999927520752
    }, 
    "01:04:embedded message": {
        "01:00:Varint": 43, 
        "02:01:Varint": 11184, 
        "03:02:string": "audio5", 
        "04:03:Varint": 426, 
        "05:04:32-bit": 0.8100000023841858, 
        "06:05:32-bit": 4.521999835968018, 
        "07:06:32-bit": 3.6689999103546143, 
        "08:07:32-bit": 2.069000005722046, 
        "09:08:32-bit": 2.111999988555908
    }, 
    "01:05:embedded message": {
        "01:00:Varint": 43, 
        "02:01:Varint": 11185, 
        "03:02:string": "audio6", 
        "04:03:Varint": 427, 
        "05:04:32-bit": 0.5659999847412109, 
        "06:05:32-bit": 2.753999948501587, 
        "07:06:32-bit": 2.859999895095825, 
        "08:07:32-bit": 1.5099999904632568, 
        "09:08:32-bit": 7.306000232696533
    }, 
    "01:06:embedded message": {
        "01:00:Varint": 43, 
        "02:01:Varint": 11186, 
        "03:02:string": "audio7", 
        "04:03:Varint": 428, 
        "05:04:32-bit": 0.20000000298023224, 
        "06:05:32-bit": 3.200000047683716, 
        "07:06:32-bit": 3.200000047683716, 
        "08:07:32-bit": 3.200000047683716, 
        "09:08:32-bit": 3.200000047683716
    }, 
    "01:07:embedded message": {
        "01:00:Varint": 43, 
        "02:01:Varint": 11187, 
        "03:02:string": "audio8", 
        "04:03:Varint": 429, 
        "05:04:32-bit": 1.128999948501587, 
        "06:05:32-bit": 2.5999999046325684, 
        "07:06:32-bit": 2.058000087738037, 
        "08:07:32-bit": 3.0, 
        "09:08:32-bit": 2.628000020980835
    }, 
    "01:08:embedded message": {
        "01:00:Varint": 43, 
        "02:01:Varint": 11188, 
        "03:02:string": "audio9", 
        "04:03:Varint": 539, 
        "05:04:32-bit": 0.4000000059604645, 
        "06:05:32-bit": 1.7799999713897705, 
        "07:06:32-bit": 5.432000160217285, 
        "08:07:32-bit": 5.593999862670898, 
        "09:08:32-bit": 3.619999885559082
    }, 
    "01:09:embedded message": {
        "01:00:Varint": 43, 
        "02:01:Varint": 11189, 
        "03:02:string": "audio10", 
        "04:03:Varint": 569, 
        "05:04:32-bit": 1.100000023841858, 
        "06:05:32-bit": 5.21999979019165, 
        "07:06:32-bit": 3.066999912261963, 
        "08:07:32-bit": 4.599999904632568, 
        "09:08:32-bit": 4.800000190734863
    }, 
    "01:10:embedded message": {
        "01:00:Varint": 43, 
        "02:01:Varint": 11190, 
        "03:02:string": "audio11", 
        "04:03:Varint": 1080, 
        "05:04:32-bit": 0.3100000023841858, 
        "06:05:32-bit": 3.5999999046325684, 
        "07:06:32-bit": 4.400000095367432, 
        "08:07:32-bit": 5.197000026702881, 
        "09:08:32-bit": 8.043999671936035
    }, 
    "01:11:embedded message": {
        "01:00:Varint": 43, 
        "02:01:Varint": 11191, 
        "03:02:string": "audio12", 
        "04:03:Varint": 1094, 
        "05:04:32-bit": 0.5339999794960022, 
        "06:05:32-bit": 2.308000087738037, 
        "07:06:32-bit": 4.361999988555908, 
        "08:07:32-bit": 11.741999626159668, 
        "09:08:32-bit": 5.5
    }, 
    "01:12:embedded message": {
        "01:00:Varint": 43, 
        "02:01:Varint": 11192, 
        "03:02:string": "audio13", 
        "04:03:Varint": 1095, 
        "05:04:32-bit": 0.4699999988079071, 
        "06:05:32-bit": 3.8970000743865967, 
        "07:06:32-bit": 5.199999809265137, 
        "08:07:32-bit": 4.800000190734863, 
        "09:08:32-bit": 5.099999904632568
    }, 
    "01:13:embedded message": {
        "01:00:Varint": 43, 
        "02:01:Varint": 11193, 
        "03:02:string": "audio14", 
        "04:03:Varint": 1289, 
        "05:04:32-bit": 0.5, 
        "06:05:32-bit": 1.9639999866485596, 
        "07:06:32-bit": 4.177000045776367, 
        "08:07:32-bit": 4.668000221252441, 
        "09:08:32-bit": 5.22599983215332
    }, 
    "01:14:embedded message": {
        "01:00:Varint": 43, 
        "02:01:Varint": 11194, 
        "03:02:string": "audio15", 
        "04:03:Varint": 1290, 
        "05:04:32-bit": 0.20000000298023224, 
        "06:05:32-bit": 3.200000047683716, 
        "07:06:32-bit": 3.200000047683716, 
        "08:07:32-bit": 3.200000047683716, 
        "09:08:32-bit": 3.200000047683716
    }, 
    "01:15:embedded message": {
        "01:00:Varint": 43, 
        "02:01:Varint": 11195, 
        "03:02:string": "audio16", 
        "04:03:Varint": 1291, 
        "05:04:32-bit": 0.20000000298023224, 
        "06:05:32-bit": 3.200000047683716, 
        "07:06:32-bit": 3.200000047683716, 
        "08:07:32-bit": 3.200000047683716, 
        "09:08:32-bit": 3.200000047683716
    }, 
    "01:16:embedded message": {
        "01:00:Varint": 43, 
        "02:01:Varint": 11196, 
        "03:02:string": "audio17", 
        "04:03:Varint": 1292, 
        "05:04:32-bit": 0.20000000298023224, 
        "06:05:32-bit": 3.200000047683716, 
        "07:06:32-bit": 3.200000047683716, 
        "08:07:32-bit": 3.200000047683716, 
        "09:08:32-bit": 3.200000047683716
    }, 
    "01:17:embedded message": {
        "01:00:Varint": 43, 
        "02:01:Varint": 11197, 
        "03:02:string": "audio18", 
        "04:03:Varint": 1293, 
        "05:04:32-bit": 0.8009999990463257, 
        "06:05:32-bit": 4.179999828338623, 
        "07:06:32-bit": 5.599999904632568, 
        "08:07:32-bit": 3.619999885559082, 
        "09:08:32-bit": 2.569000005722046
    }, 
    "01:18:embedded message": {
        "01:00:Varint": 43, 
        "02:01:Varint": 11198, 
        "03:02:string": "audio19", 
        "04:03:Varint": 1294, 
        "05:04:32-bit": 0.5879999995231628, 
        "06:05:32-bit": 1.465999960899353, 
        "07:06:32-bit": 4.796999931335449, 
        "08:07:32-bit": 6.341000080108643, 
        "09:08:32-bit": 5.561999797821045
    }, 
    "01:19:embedded message": {
        "01:00:Varint": 43, 
        "02:01:Varint": 11199, 
        "03:02:string": "audio20", 
        "04:03:Varint": 1295, 
        "05:04:32-bit": 0.5040000081062317, 
        "06:05:32-bit": 3.509999990463257, 
        "07:06:32-bit": 3.0889999866485596, 
        "08:07:32-bit": 2.5490000247955322, 
        "09:08:32-bit": 0.7979999780654907
    }, 
    "01:20:embedded message": {
        "01:00:Varint": 43, 
        "02:01:Varint": 11200, 
        "03:02:string": "audio21", 
        "04:03:Varint": 1296, 
        "05:04:32-bit": 0.8650000095367432, 
        "06:05:32-bit": 5.50600004196167, 
        "07:06:32-bit": 3.6459999084472656,