{
    "01:00:embedded message": {
        "01:00:Varint": 221, 
        "02:01:Varint": 72794, 
        "03:02:string": "BONDABILITY_1", 
        "04:03:32-bit": 9.0, 
        "05:04:32-bit": 1.0, 
        "06:05:32-bit": 16.0, 
        "07:06:32-bit": 0.0003000000142492354, 
        "08:07:32-bit": 0.003000000026077032, 
        "09:08:Varint": 81, 
        "09:09:Varint": 162, 
        "09:10:Varint": 243, 
        "09:11:Varint": 324, 
        "09:12:Varint": 405, 
        "09:13:Varint": 486, 
        "09:14:Varint": 567, 
        "09:15:Varint": 648, 
        "10:16:Varint": 18, 
        "10:17:Varint": 36, 
        "10:18:Varint": 54, 
        "10:19:Varint": 72, 
        "10:20:Varint": 90, 
        "10:21:Varint": 108, 
        "10:22:Varint": 126, 
        "10:23:Varint": 144, 
        "11:24:Varint": 144, 
        "11:25:Varint": 288, 
        "11:26:Varint": 432, 
        "11:27:Varint": 576, 
        "11:28:Varint": 720, 
        "11:29:Varint": 864, 
        "11:30:Varint": 1008, 
        "11:31:Varint": 1152, 
        "12:32:32-bit": 0.004999999888241291, 
        "12:33:32-bit": 0.009999999776482582, 
        "12:34:32-bit": 0.014999999664723873, 
        "12:35:32-bit": 0.019999999552965164, 
        "12:36:32-bit": 0.02500000037252903, 
        "12:37:32-bit": 0.029999999329447746, 
        "12:38:32-bit": 0.03500000014901161, 
        "12:39:32-bit": 0.03999999910593033, 
        "13:40:32-bit": 0.02500000037252903, 
        "13:41:32-bit": 0.05000000074505806, 
        "13:42:32-bit": 0.07500000298023224, 
        "13:43:32-bit": 0.10000000149011612, 
        "13:44:32-bit": 0.125, 
        "13:45:32-bit": 0.15000000596046448, 
        "13:46:32-bit": 0.17499999701976776, 
        "13:47:32-bit": 0.20000000298023224
    }, 
    "01:01:embedded message": {
        "01:00:Varint": 221, 
        "02:01:Varint": 97473, 
        "03:02:embedded message": {
            "15:00:64-bit": 7.115779533674401e-71
        }, 
        "04:03:32-bit": 9.0, 
        "05:04:32-bit": 1.0, 
        "06:05:32-bit": 16.0, 
        "07:06:32-bit": 0.0003000000142492354, 
        "08:07:32-bit": 0.003000000026077032, 
        "09:08:Varint": 81, 
        "09:09:Varint": 162, 
        "09:10:Varint": 243, 
        "09:11:Varint": 324, 
        "09:12:Varint": 405, 
        "09:13:Varint": 486, 
        "09:14:Varint": 1567, 
        "09:15:Varint": 1648, 
        "10:16:Varint": 18, 
        "10:17:Varint": 36, 
        "10:18:Varint": 54, 
        "10:19:Varint": 72, 
        "10:20:Varint": 90, 
        "10:21:Varint": 108, 
        "10:22:Varint": 126, 
        "10:23:Varint": 144, 
        "11:24:Varint": 144, 
        "11:25:Varint": 288, 
        "11:26:Varint": 432, 
        "11:27:Varint": 1576, 
        "11:28:Varint": 1720, 
        "11:29:Varint": 1864, 
        "11:30:Varint": 2008, 
        "11:31:Varint": 2152, 
        "12:32:32-bit": 0.004999999888241291, 
        "12:33:32-bit": 0.009999999776482582, 
        "12:34:32-bit": 0.014999999664723873, 
        "12:35:32-bit": 0.019999999552965164, 
        "12:36:32-bit": 0.02500000037252903, 
        "12:37:32-bit": 0.029999999329447746, 
        "12:38:32-bit": 0.03500000014901161, 
        "12:39:32-bit": 0.03999999910593033, 
        "13:40:32-bit": 0.02500000037252903, 
        "13:41:32-bit": 0.05000000074505806, 
        "13:42:32-bit": 0.07500000298023224, 
        "13:43:32-bit": 0.10000000149011612, 
        "13:44:32-bit": 0.125, 
        "13:45:32-bit": 0.15000000596046448, 
        "13:46:32-bit": 0.17499999701976776, 
        "13:47:32-bit": 0.20000000298023224
    }
}