{
    "01:00:embedded message": {
        "01:00:Varint": 69, 
        "02:01:Varint": 40705, 
        "03:02:string": "star1", 
        "04:03:Varint": 1, 
        "05:04:Varint": 108, 
        "06:05:Varint": 1, 
        "07:06:Varint": 108, 
        "08:07:32-bit": 0.4000000059604645, 
        "09:08:Varint": 1000, 
        "10:09:Varint": 103, 
        "11:10:Varint": 3, 
        "12:11:Varint": 60, 
        "13:12:32-bit": 0.10000000149011612, 
        "14:13:Varint": 6, 
        "15:14:Varint": 20, 
        "16:15:Varint": 200, 
        "17:16:Varint": 300, 
        "18:17:Varint": 600, 
        "19:18:Varint": 1100, 
        "20:19:Varint": 1800, 
        "21:20:Varint": 2700, 
        "22:21:Varint": 3800, 
        "23:22:Varint": 5100, 
        "24:23:Varint": 6600, 
        "25:24:Varint": 8300, 
        "26:25:Varint": 10200, 
        "27:26:Varint": 12300, 
        "28:27:Varint": 14600, 
        "29:28:Varint": 17100, 
        "30:29:Varint": 19800, 
        "31:30:Varint": 22700, 
        "32:31:Varint": 25800, 
        "33:32:Varint": 29100, 
        "34:33:Varint": 32600, 
        "35:34:32-bit": 1.0
    }, 
    "01:01:embedded message": {
        "01:00:Varint": 69, 
        "02:01:Varint": 40706, 
        "03:02:string": "star2", 
        "04:03:Varint": 2, 
        "05:04:Varint": 108, 
        "06:05:Varint": 2, 
        "07:06:Varint": 108, 
        "08:07:32-bit": 0.4000000059604645, 
        "09:08:Varint": 50000, 
        "10:09:Varint": 103, 
        "11:10:Varint": 4, 
        "12:11:Varint": 80, 
        "13:12:32-bit": 0.15000000596046448, 
        "14:13:Varint": 8, 
        "15:14:Varint": 20, 
        "16:15:Varint": 200, 
        "17:16:Varint": 300, 
        "18:17:Varint": 600, 
        "19:18:Varint": 1100, 
        "20:19:Varint": 1800, 
        "21:20:Varint": 2700, 
        "22:21:Varint": 3800, 
        "23:22:Varint": 5100, 
        "24:23:Varint": 6600, 
        "25:24:Varint": 8300, 
        "26:25:Varint": 10200, 
        "27:26:Varint": 12300, 
        "28:27:Varint": 14600, 
        "29:28:Varint": 17100, 
        "30:29:Varint": 19800, 
        "31:30:Varint": 22700, 
        "32:31:Varint": 25800, 
        "33:32:Varint": 29100, 
        "34:33:Varint": 32600, 
        "35:34:32-bit": 1.0
    }, 
    "01:02:embedded message": {
        "01:00:Varint": 69, 
        "02:01:Varint": 40707, 
        "03:02:string": "star3", 
        "04:03:Varint": 3, 
        "05:04:Varint": 108, 
        "06:05:Varint": 3, 
        "07:06:Varint": 108, 
        "08:07:32-bit": 0.4000000059604645, 
        "09:08:Varint": 1000, 
        "10:09:Varint": 103, 
        "11:10:Varint": 5, 
        "12:11:Varint": 100, 
        "13:12:32-bit": 0.20000000298023224, 
        "14:13:Varint": 10, 
        "15:14:Varint": 20, 
        "16:15:Varint": 200, 
        "17:16:Varint": 300, 
        "18:17:Varint": 600, 
        "19:18:Varint": 1100, 
        "20:19:Varint": 1800, 
        "21:20:Varint": 2700, 
        "22:21:Varint": 3800, 
        "23:22:Varint": 5100, 
        "24:23:Varint": 6600, 
        "25:24:Varint": 8300, 
        "26:25:Varint": 10200, 
        "27:26:Varint": 12300, 
        "28:27:Varint": 14600, 
        "29:28:Varint": 17100, 
        "30:29:Varint": 19800, 
        "31:30:Varint": 22700, 
        "32:31:Varint": 25800, 
        "33:32:Varint": 29100, 
        "34:33:Varint": 32600, 
        "35:34:32-bit": 0.800000011920929
    }, 
    "01:03:embedded message": {
        "01:00:Varint": 69, 
        "02:01:Varint": 40708, 
        "03:02:string": "star4", 
        "04:03:Varint": 4, 
        "05:04:Varint": 108, 
        "06:05:Varint": 4, 
        "07:06:Varint": 108, 
        "08:07:32-bit": 0.4000000059604645, 
        "09:08:Varint": 2000, 
        "10:09:Varint": 103, 
        "11:10:Varint": 10, 
        "12:11:Varint": 200, 
        "13:12:32-bit": 0.30000001192092896, 
        "14:13:Varint": 20, 
        "15:14:Varint": 20, 
        "16:15:Varint": 200, 
        "17:16:Varint": 300, 
        "18:17:Varint": 600, 
        "19:18:Varint": 1100, 
        "20:19:Varint": 1800, 
        "21:20:Varint": 2700, 
        "22:21:Varint": 3800, 
        "23:22:Varint": 5100, 
        "24:23:Varint": 6600, 
        "25:24:Varint": 8300, 
        "26:25:Varint": 10200, 
        "27:26:Varint": 12300, 
        "28:27:Varint": 14600, 
        "29:28:Varint": 17100, 
        "30:29:Varint": 19800, 
        "31:30:Varint": 22700, 
        "32:31:Varint": 25800, 
        "33:32:Varint": 29100, 
        "34:33:Varint": 32600, 
        "35:34:32-bit": 0.800000011920929
    }, 
    "01:04:embedded message": {
        "01:00:Varint": 69, 
        "02:01:Varint": 40709, 
        "03:02:string": "star5", 
        "04:03:Varint": 5, 
        "05:04:Varint": 108, 
        "06:05:Varint": 5, 
        "07:06:Varint": 108, 
        "08:07:32-bit": 0.4000000059604645, 
        "09:08:Varint": 3000, 
        "10:09:Varint": 103, 
        "11:10:Varint": 15, 
        "12:11:Varint": 300, 
        "13:12:32-bit": 0.4000000059604645, 
        "14:13:Varint": 30, 
        "15:14:Varint": 20, 
        "16:15:Varint": 200, 
        "17:16:Varint": 300, 
        "18:17:Varint": 600, 
        "19:18:Varint": 1100, 
        "20:19:Varint": 1800, 
        "21:20:Varint": 2700, 
        "22:21:Varint": 3800, 
        "23:22:Varint": 5100, 
        "24:23:Varint": 6600, 
        "25:24:Varint": 8300, 
        "26:25:Varint": 10200, 
        "27:26:Varint": 12300, 
        "28:27:Varint": 14600, 
        "29:28:Varint": 17100, 
        "30:29:Varint": 19800, 
        "31:30:Varint": 22700, 
        "32:31:Varint": 25800, 
        "33:32:Varint": 29100, 
        "34:33:Varint": 32600, 
        "35:34:32-bit": 0.800000011920929
    }
}