{
    "01:00:embedded message": {
        "01:00:Varint": 24, 
        "02:01:Varint": 1147, 
        "03:02:string": "CARD_ATTRIBUTE_YIN", 
        "04:03:Varint": 9, 
        "05:04:Varint": 9, 
        "05:05:Varint": 25, 
        "06:06:32-bit": 1.2000000476837158, 
        "07:07:Varint": 11785
    }, 
    "01:01:embedded message": {
        "01:00:Varint": 24, 
        "02:01:Varint": 1148, 
        "03:02:string": "CARD_ATTRIBUTE_YANG", 
        "04:03:Varint": 10, 
        "05:04:Varint": 10, 
        "05:05:Varint": 25, 
        "06:06:32-bit": 1.2000000476837158, 
        "07:07:Varint": 11785
    }, 
    "01:02:embedded message": {
        "01:00:Varint": 24, 
        "02:01:Varint": 1149, 
        "03:02:string": "CARD_ATTRIBUTE_HARD", 
        "04:03:Varint": 11, 
        "05:04:Varint": 11, 
        "05:05:Varint": 25, 
        "06:06:32-bit": 1.2000000476837158, 
        "07:07:Varint": 11785
    }, 
    "01:03:embedded message": {
        "01:00:Varint": 24, 
        "02:01:Varint": 1150, 
        "03:02:string": "CARD_ATTRIBUTE_SOFT", 
        "04:03:Varint": 12, 
        "05:04:Varint": 12, 
        "05:05:Varint": 25, 
        "06:06:32-bit": 1.2000000476837158, 
        "07:07:Varint": 11785
    }, 
    "01:04:embedded message": {
        "01:00:Varint": 24, 
        "02:01:Varint": 1151, 
        "03:02:string": "CARD_ATTRIBUTE_YIN_YANG", 
        "04:03:Varint": 0, 
        "05:04:Varint": 0, 
        "06:05:32-bit": 0.0, 
        "07:06:Varint": 0
    }, 
    "01:05:embedded message": {
        "01:00:Varint": 24, 
        "02:01:Varint": 1152, 
        "03:02:string": "CARD_ATTRIBUTE_YANG_HARD", 
        "04:03:Varint": 0, 
        "05:04:Varint": 0, 
        "06:05:32-bit": 0.0, 
        "07:06:Varint": 0
    }, 
    "01:06:embedded message": {
        "01:00:Varint": 24, 
        "02:01:Varint": 1153, 
        "03:02:string": "CARD_ATTRIBUTE_HARD_SOFT", 
        "04:03:Varint": 0, 
        "05:04:Varint": 0, 
        "06:05:32-bit": 0.0, 
        "07:06:Varint": 0
    }, 
    "01:07:embedded message": {
        "01:00:Varint": 24, 
        "02:01:Varint": 1154, 
        "03:02:string": "CARD_ATTRIBUTE_YIN_SOFT", 
        "04:03:Varint": 0, 
        "05:04:Varint": 0, 
        "06:05:32-bit": 0.0, 
        "07:06:Varint": 0
    }, 
    "01:08:embedded message": {
        "01:00:Varint": 24, 
        "02:01:Varint": 1155, 
        "03:02:string": "CARD_ATTRIBUTE_YIN_PLUS", 
        "04:03:Varint": 0, 
        "05:04:Varint": 0, 
        "06:05:32-bit": 0.0, 
        "07:06:Varint": 0
    }, 
    "01:09:embedded message": {
        "01:00:Varint": 24, 
        "02:01:Varint": 1156, 
        "03:02:string": "CARD_ATTRIBUTE_YANG_PLUS", 
        "04:03:Varint": 0, 
        "05:04:Varint": 0, 
        "06:05:32-bit": 0.0, 
        "07:06:Varint": 0
    }, 
    "01:10:embedded message": {
        "01:00:Varint": 24, 
        "02:01:Varint": 1157, 
        "03:02:string": "CARD_ATTRIBUTE_HARD_PLUS", 
        "04:03:Varint": 0, 
        "05:04:Varint": 0, 
        "06:05:32-bit": 0.0, 
        "07:06:Varint": 0
    }, 
    "01:11:embedded message": {
        "01:00:Varint": 24, 
        "02:01:Varint": 1158, 
        "03:02:string": "CARD_ATTRIBUTE_SOFT_PLUS", 
        "04:03:Varint": 0, 
        "05:04:Varint": 0, 
        "06:05:32-bit": 0.0, 
        "07:06:Varint": 0
    }, 
    "01:12:embedded message": {
        "01:00:Varint": 24, 
        "02:01:Varint": 1159, 
        "03:02:string": "CARD_ATTRIBUTE_YIN_YANG_PLUS", 
        "04:03:Varint": 0, 
        "05:04:Varint": 0, 
        "06:05:32-bit": 0.0, 
        "07:06:Varint": 0
    }, 
    "01:13:embedded message": {
        "01:00:Varint": 24, 
        "02:01:Varint": 1160, 
        "03:02:string": "CARD_ATTRIBUTE_YANG_HARD_PLUS", 
        "04:03:Varint": 0, 
        "05:04:Varint": 0, 
        "06:05:32-bit": 0.0, 
        "07:06:Varint": 0
    }, 
    "01:14:embedded message": {
        "01:00:Varint": 24, 
        "02:01:Varint": 1161, 
        "03:02:string": "CARD_ATTRIBUTE_HARD_SOFT_PLUS", 
        "04:03:Varint": 0, 
        "05:04:Varint": 0, 
        "06:05:32-bit": 0.0, 
        "07:06:Varint": 0
    }, 
    "01:15:embedded message": {
        "01:00:Varint": 24, 
        "02:01:Varint": 1162, 
        "03:02:string": "CARD_ATTRIBUTE_YIN_SOFT_PLUS", 
        "04:03:Varint": 0, 
        "05:04:Varint": 0, 
        "06:05:32-bit": 0.0, 
        "07:06:Varint": 0
    }, 
    "01:16:embedded message": {
        "01:00:Varint": 24, 
        "02:01:Varint": 1163, 
        "03:02:string": "CARD_ATTRIBUTE_TAICHI", 
        "04:03:Varint": 0, 
        "05:04:Varint": 0, 
        "06:05:32-bit": 0.0, 
        "07:06:Varint": 0
    }, 
    "01:17:embedded message": {
        "01:00:Varint": 24, 
        "02:01:Varint": 3467, 
        "03:02:string": "CARD_ATTRIBUTE_YIN_1", 
        "04:03:Varint": 0, 
        "05:04:Varint": 0, 
        "06:05:32-bit": 0.0, 
        "07:06:Varint": 0
    }, 
    "01:18:embedded message": {
        "01:00:Varint": 24, 
        "02:01:Varint": 3468, 
        "03:02:string": "CARD_ATTRIBUTE_YANG_1", 
        "04:03:Varint": 0, 
        "05:04:Varint": 0, 
        "06:05:32-bit": 0.0, 
        "07:06:Varint": 0
    }, 
    "01:19:embedded message": {
        "01:00:Varint": 24, 
        "02:01:Varint": 3469, 
        "03:02:string": "CARD_ATTRIBUTE_HARD_1", 
        "04:03:Varint": 0, 
        "05:04:Varint": 0, 
        "06:05:32-bit": 0.0, 
        "07:06:Varint": 0
    }, 
    "01:20:embedded message": {
        "01:00:Varint": 24, 
        "02:01:Varint": 3470, 
        "03:02:string": "CARD_ATTRIBUTE_SOFT_1", 
        "04:03:Varint": 0, 
        "05:04:Varint": 0, 
        "06:05:32-bit": 0.0, 
        "07:06:Varint": 0
    }, 
    "01:21:embedded message": {
        "01:00:Varint": 24, 
        "02:01:Varint": 3471, 
        "03:02:string": "CARD_ATTRIBUTE_YIN_YANG_1", 
        "04:03:Varint": 0, 
        "05:04:Varint": 0, 
        "06:05:32-bit": 0.0, 
        "07:06:Varint": 0
    }, 
    "01:22:embedded message": {
        "01:00:Varint": 24, 
        "02:01:Varint": 3472, 
        "03:02:string": "CARD_ATTRIBUTE_YANG_HARD_1", 
        "04:03:Varint": 0, 
        "05:04:Varint": 0, 
        "06:05:32-bit": 0.0, 
        "07:06:Varint": 0
    }, 
    "01:23:embedded message": {
        "01:00:Varint": 24, 
        "02:01:Varint": 3473, 
        "03:02:string": "CARD_ATTRIBUTE_HARD_SOFT_1", 
        "04:03:Varint": 0, 
        "05:04:Varint": 0, 
        "06:05:32-bit": 0.0, 
        "07:06:Varint": 0
    }, 
    "01:24:embedded message": {
        "01:00:Varint": 24, 
        "02:01:Varint": 3474, 
        "03:02:string": "CARD_ATTRIBUTE_YIN_SOFT_1", 
        "04:03:Varint": 0, 
        "05:04:Varint": 0, 
        "06:05:32-bit": 0.0, 
        "07:06:Varint": 0
    }, 
    "01:25:embedded message": {
        "01:00:Varint": 24, 
        "02:01:Varint": 3475, 
        "03:02:string": "CARD_ATTRIBUTE_YIN_PLUS_1", 
        "04:03:Varint": 0, 
        "05:04:Varint": 0, 
        "06:05:32-bit": 0.0, 
        "07:06:Varint": 0
    }, 
    "01:26:embedded message": {
        "01:00:Varint": 24, 
        "02:01:Varint": 3476, 
        "03:02:string": "CARD_ATTRIBUTE_YANG_PLUS_1", 
        "04:03:Varint": 0, 
        "05:04:Varint": 0, 
        "06:05:32-bit": 0.0, 
        "07:06:Varint": 0
    }, 
    "01:27:embedded message": {
        "01:00:Varint": 24, 
        "02:01:Varint": 3477, 
        "03:02:string": "CARD_ATTRIBUTE_HARD_PLUS_1", 
        "04:03:Varint": 0, 
        "05:04:Varint": 0, 
        "06:05:32-bit": 0.0, 
        "07:06:Varint": 0
    }, 
    "01:28:embedded message": {
        "01:00:Varint": 24, 
        "02:01:Varint": 3478, 
        "03:02:string": "CARD_ATTRIBUTE_SOFT_PLUS_1", 
        "04:03:Varint": 0, 
        "05:04:Varint": 0, 
        "06:05:32-bit": 0.0, 
        "07:06:Varint": 0
    }, 
    "01:29:embedded message": {
        "01:00:Varint": 24, 
        "02:01:Varint": 3479,