{
    "01:00:embedded message": {
        "01:00:Varint": 237, 
        "02:01:Varint": 90031, 
        "03:02:string": "FOUR_GODS_1", 
        "04:03:Varint": 90035, 
        "05:04:Varint": 90039, 
        "05:05:Varint": 90040, 
        "05:06:Varint": 90041, 
        "05:07:Varint": 90042, 
        "05:08:Varint": 90043, 
        "05:09:Varint": 90044, 
        "05:10:Varint": 90045, 
        "06:11:32-bit": 0.004999999888241291, 
        "07:12:32-bit": 0.004999999888241291, 
        "08:13:32-bit": 0.004999999888241291, 
        "09:14:Varint": 100801, 
        "10:15:Varint": 100805
    }, 
    "01:01:embedded message": {
        "01:00:Varint": 237, 
        "02:01:Varint": 90032, 
        "03:02:string": "FOUR_GODS_2", 
        "04:03:Varint": 90036, 
        "05:04:Varint": 90046, 
        "05:05:Varint": 90047, 
        "05:06:Varint": 90048, 
        "05:07:Varint": 90049, 
        "05:08:Varint": 90050, 
        "05:09:Varint": 90051, 
        "05:10:Varint": 90052, 
        "06:11:32-bit": 0.004999999888241291, 
        "07:12:32-bit": 0.004999999888241291, 
        "08:13:32-bit": 0.004999999888241291, 
        "09:14:Varint": 100802, 
        "10:15:Varint": 100806
    }, 
    "01:02:embedded message": {
        "01:00:Varint": 237, 
        "02:01:Varint": 90033, 
        "03:02:string": "FOUR_GODS_3", 
        "04:03:Varint": 90037, 
        "05:04:Varint": 90053, 
        "05:05:Varint": 90054, 
        "05:06:Varint": 90055, 
        "05:07:Varint": 90056, 
        "05:08:Varint": 90057, 
        "05:09:Varint": 90058, 
        "05:10:Varint": 90059, 
        "06:11:32-bit": 0.004999999888241291, 
        "07:12:32-bit": 0.004999999888241291, 
        "08:13:32-bit": 0.004999999888241291, 
        "09:14:Varint": 100803, 
        "10:15:Varint": 100807
    }, 
    "01:03:embedded message": {
        "01:00:Varint": 237, 
        "02:01:Varint": 90034, 
        "03:02:string": "FOUR_GODS_4", 
        "04:03:Varint": 90038, 
        "05:04:Varint": 90060, 
        "05:05:Varint": 90061, 
        "05:06:Varint": 90062, 
        "05:07:Varint": 90063, 
        "05:08:Varint": 90064, 
        "05:09:Varint": 90065, 
        "05:10:Varint": 90066, 
        "06:11:32-bit": 0.004999999888241291, 
        "07:12:32-bit": 0.004999999888241291, 
        "08:13:32-bit": 0.004999999888241291, 
        "09:14:Varint": 100804, 
        "10:15:Varint": 100808
    }
}