{
    "01:00:embedded message": {
        "01:00:Varint": 242, 
        "02:01:Varint": 0, 
        "03:02:string": "FOUR_GODS_1", 
        "04:03:Varint": 0, 
        "05:04:Varint": 0, 
        "06:05:Varint": 200, 
        "07:06:32-bit": 0.0010000000474974513, 
        "08:07:32-bit": 0.0010000000474974513, 
        "09:08:32-bit": 0.0010000000474974513
    }, 
    "01:01:embedded message": {
        "01:00:Varint": 242, 
        "02:01:Varint": 0, 
        "03:02:string": "FOUR_GODS_2", 
        "04:03:Varint": 0, 
        "05:04:Varint": 0, 
        "06:05:Varint": 400, 
        "07:06:32-bit": 0.0010000000474974513, 
        "08:07:32-bit": 0.0010000000474974513, 
        "09:08:32-bit": 0.0010000000474974513
    }, 
    "01:02:embedded message": {
        "01:00:Varint": 242, 
        "02:01:Varint": 0, 
        "03:02:string": "FOUR_GODS_3", 
        "04:03:Varint": 0, 
        "05:04:Varint": 0, 
        "06:05:Varint": 600, 
        "07:06:32-bit": 0.0010000000474974513, 
        "08:07:32-bit": 0.0010000000474974513, 
        "09:08:32-bit": 0.0010000000474974513
    }, 
    "01:03:embedded message": {
        "01:00:Varint": 242, 
        "02:01:Varint": 0, 
        "03:02:string": "FOUR_GODS_4", 
        "04:03:Varint": 0, 
        "05:04:Varint": 0, 
        "06:05:Varint": 800, 
        "07:06:32-bit": 0.0010000000474974513, 
        "08:07:32-bit": 0.0010000000474974513, 
        "09:08:32-bit": 0.0010000000474974513
    }
}